flavor,frontend,order,key,scope,package,alias
public,acp,10,forme,core,colmugx/cetas-ext-forme/lib,forme
public,acp,20,read,core,colmugx/posoco-ext-read,read
public,acp,30,write,core,colmugx/posoco-ext-write,write
public,acp,40,edit,core,colmugx/posoco-ext-edit,edit
public,acp,50,glob,core,colmugx/posoco-ext-glob,glob
public,acp,60,grep,core,colmugx/posoco-ext-grep,grep
public,acp,70,astgrep,core,colmugx/posoco-ext-astgrep,astgrep
public,acp,80,webfetch,core,colmugx/posoco-ext-webfetch,webfetch
public,acp,90,bash,core,colmugx/posoco-ext-bash,bash
public,acp,100,ps1,core,colmugx/posoco-ext-ps1,ps1
public,acp,110,skills,core,colmugx/posoco-ext-skills,skills
public,acp,120,askquestion,core,colmugx/posoco-ext-askquestion,askquestion
public,acp,130,handoff,core,colmugx/posoco-ext-handoff,handoff
public,acp,140,lazytools,core,colmugx/posoco-ext-lazytools,lazytools
public,headless,10,forme,core,colmugx/cetas-ext-forme/lib,forme
public,headless,20,read,core,colmugx/posoco-ext-read,read
public,headless,30,write,core,colmugx/posoco-ext-write,write
public,headless,40,edit,core,colmugx/posoco-ext-edit,edit
public,headless,50,glob,core,colmugx/posoco-ext-glob,glob
public,headless,60,grep,core,colmugx/posoco-ext-grep,grep
public,headless,70,astgrep,core,colmugx/posoco-ext-astgrep,astgrep
public,headless,80,webfetch,core,colmugx/posoco-ext-webfetch,webfetch
public,headless,90,bash,core,colmugx/posoco-ext-bash,bash
public,headless,100,ps1,core,colmugx/posoco-ext-ps1,ps1
public,headless,110,skills,core,colmugx/posoco-ext-skills,skills
public,headless,120,askquestion,core,colmugx/posoco-ext-askquestion,askquestion
public,headless,130,handoff,core,colmugx/posoco-ext-handoff,handoff
public,headless,140,lazytools,core,colmugx/posoco-ext-lazytools,lazytools
public,js,10,forme,core,colmugx/cetas-ext-forme/lib,forme
public,js,20,read,core,colmugx/posoco-ext-read,read
public,js,30,write,core,colmugx/posoco-ext-write,write
public,js,40,edit,core,colmugx/posoco-ext-edit,edit
public,js,50,glob,core,colmugx/posoco-ext-glob,glob
public,js,60,grep,core,colmugx/posoco-ext-grep,grep
public,js,70,astgrep,core,colmugx/posoco-ext-astgrep,astgrep
public,js,80,webfetch,core,colmugx/posoco-ext-webfetch,webfetch
public,js,90,bash,core,colmugx/posoco-ext-bash,bash
public,js,100,ps1,core,colmugx/posoco-ext-ps1,ps1
public,js,110,skills,core,colmugx/posoco-ext-skills,skills
public,js,120,askquestion,core,colmugx/posoco-ext-askquestion,askquestion
public,js,130,handoff,core,colmugx/posoco-ext-handoff,handoff
public,js,140,lazytools,core,colmugx/posoco-ext-lazytools,lazytools
personal,acp,10,forme,core,colmugx/cetas-ext-forme/lib,forme
personal,acp,20,read,core,colmugx/posoco-ext-read,read
personal,acp,30,write,core,colmugx/posoco-ext-write,write
personal,acp,40,edit,core,colmugx/posoco-ext-edit,edit
personal,acp,50,glob,core,colmugx/posoco-ext-glob,glob
personal,acp,60,grep,core,colmugx/posoco-ext-grep,grep
personal,acp,70,astgrep,core,colmugx/posoco-ext-astgrep,astgrep
personal,acp,80,webfetch,core,colmugx/posoco-ext-webfetch,webfetch
personal,acp,90,bash,core,colmugx/posoco-ext-bash,bash
personal,acp,100,ps1,core,colmugx/posoco-ext-ps1,ps1
personal,acp,110,skills,core,colmugx/posoco-ext-skills,skills
personal,acp,120,askquestion,core,colmugx/posoco-ext-askquestion,askquestion
personal,acp,130,handoff,core,colmugx/posoco-ext-handoff,handoff
personal,acp,140,lazytools,core,colmugx/posoco-ext-lazytools,lazytools
personal,acp,150,nmem,core,colmugx/posoco-ext-nowledge-mem,nmem
personal,acp,160,obsidian,core,colmugx/posoco-ext-obsidian,obsidian
personal,headless,10,forme,core,colmugx/cetas-ext-forme/lib,forme
personal,headless,20,read,core,colmugx/posoco-ext-read,read
personal,headless,30,write,core,colmugx/posoco-ext-write,write
personal,headless,40,edit,core,colmugx/posoco-ext-edit,edit
personal,headless,50,glob,core,colmugx/posoco-ext-glob,glob
personal,headless,60,grep,core,colmugx/posoco-ext-grep,grep
personal,headless,70,astgrep,core,colmugx/posoco-ext-astgrep,astgrep
personal,headless,80,webfetch,core,colmugx/posoco-ext-webfetch,webfetch
personal,headless,90,bash,core,colmugx/posoco-ext-bash,bash
personal,headless,100,ps1,core,colmugx/posoco-ext-ps1,ps1
personal,headless,110,skills,core,colmugx/posoco-ext-skills,skills
personal,headless,120,askquestion,core,colmugx/posoco-ext-askquestion,askquestion
personal,headless,130,handoff,core,colmugx/posoco-ext-handoff,handoff
personal,headless,140,lazytools,core,colmugx/posoco-ext-lazytools,lazytools
personal,js,10,forme,core,colmugx/cetas-ext-forme/lib,forme
personal,js,20,read,core,colmugx/posoco-ext-read,read
personal,js,30,write,core,colmugx/posoco-ext-write,write
personal,js,40,edit,core,colmugx/posoco-ext-edit,edit
personal,js,50,glob,core,colmugx/posoco-ext-glob,glob
personal,js,60,grep,core,colmugx/posoco-ext-grep,grep
personal,js,70,astgrep,core,colmugx/posoco-ext-astgrep,astgrep
personal,js,80,webfetch,core,colmugx/posoco-ext-webfetch,webfetch
personal,js,90,bash,core,colmugx/posoco-ext-bash,bash
personal,js,100,ps1,core,colmugx/posoco-ext-ps1,ps1
personal,js,110,skills,core,colmugx/posoco-ext-skills,skills
personal,js,120,askquestion,core,colmugx/posoco-ext-askquestion,askquestion
personal,js,130,handoff,core,colmugx/posoco-ext-handoff,handoff
personal,js,140,lazytools,core,colmugx/posoco-ext-lazytools,lazytools
personal,js,150,nmem,core,colmugx/posoco-ext-nowledge-mem,nmem
personal,js,160,obsidian,core,colmugx/posoco-ext-obsidian,obsidian
personal,js,170,zcode,host,colmugx/posoco-ext-zcode,zcode
